gemeente_code,gemeente_name,km_cycleway,km_track,km_lane,km_total,bicycle_parking_count
GM0014,Groningen,384.861,0.192,18.651,403.704,240
GM0034,Almere,1065.587,0.111,8.872,1074.57,179
GM0037,Stadskanaal,181.196,0.187,7.925,189.309,17
GM0047,Veendam,118.954,0.06,1.604,120.618,19
GM0050,Zeewolde,541.564,0.0,13.04,554.604,20
GM0059,Achtkarspelen,79.165,0.0,0.768,79.933,11
GM0060,Ameland,58.4,0.0,0.253,58.653,18
GM0072,Harlingen,32.02,0.0,0.0,32.02,14
GM0074,Heerenveen,161.183,0.0,1.362,162.545,29
GM0080,Leeuwarden,273.579,0.0,14.769,288.349,34
GM0085,Ooststellingwerf,322.915,0.0,0.0,322.915,35
GM0086,Opsterland,176.523,0.0,0.0,176.523,22
GM0088,Schiermonnikoog,28.158,0.0,2.129,30.287,17
GM0090,Smallingerland,110.585,0.425,6.629,117.64,25
GM0093,Terschelling,78.006,0.0,0.0,78.006,26
GM0096,Vlieland,22.494,0.305,0.0,22.799,36
GM0098,Weststellingwerf,88.124,0.0,0.247,88.371,12
GM0106,Assen,268.073,0.0,9.338,277.411,139
GM0109,Coevorden,359.628,0.52,2.978,363.125,55
GM0114,Emmen,724.98,0.0,48.519,773.499,82
GM0118,Hoogeveen,348.777,0.0,9.076,357.853,28
GM0119,Meppel,90.642,0.0,8.758,99.4,26
GM0141,Almelo,228.04,0.112,23.65,251.802,48
GM0147,Borne,51.56,0.0,20.822,72.382,10
GM0148,Dalfsen,215.58,0.0,24.29,239.87,4
GM0150,Deventer,403.87,0.508,51.963,456.34,194
GM0153,Enschede,284.814,0.786,36.751,322.351,131
GM0158,Haaksbergen,186.018,0.305,2.145,188.469,2
GM0160,Hardenberg,473.003,0.0,16.814,489.816,97
GM0163,Hellendoorn,231.316,1.177,35.424,267.918,8
GM0164,Hengelo (O.),280.553,0.929,18.015,299.496,68
GM0166,Kampen,272.528,0.0,17.727,290.256,12
GM0168,Losser,75.795,0.0,7.45,83.245,4
GM0171,Noordoostpolder,292.076,0.0,6.562,298.639,7
GM0173,Oldenzaal,57.25,0.0,4.569,61.818,9
GM0175,Ommen,245.915,0.0,5.792,251.707,98
GM0177,Raalte,218.017,0.0,23.372,241.389,0
GM0180,Staphorst,95.88,0.0,0.82,96.701,4
GM0183,Tubbergen,249.773,0.0,7.415,257.188,4
GM0184,Urk,31.795,0.0,3.394,35.188,1
GM0189,Wierden,158.849,0.0,10.305,169.153,14
GM0193,Zwolle,403.448,0.0,49.867,453.314,142
GM0197,Aalten,54.83,0.0,5.704,60.534,19
GM0200,Apeldoorn,638.412,1.101,31.37,670.883,172
GM0202,Arnhem,317.464,0.99,17.292,335.747,67
GM0203,Barneveld,360.823,0.0,11.252,372.075,61
GM0209,Beuningen,101.036,0.0,5.121,106.157,8
GM0213,Brummen,53.298,0.0,8.166,61.464,4
GM0214,Buren,147.515,0.0,4.34,151.855,5
GM0216,Culemborg,57.287,0.0,4.568,61.855,3
GM0221,Doesburg,19.136,0.0,3.849,22.985,5
GM0222,Doetinchem,116.361,0.263,5.07,121.694,73
GM0225,Druten,68.049,0.26,3.937,72.246,8
GM0226,Duiven,89.523,0.196,7.836,97.554,5
GM0228,Ede,565.922,1.494,38.221,605.638,166
GM0230,Elburg,103.903,0.0,9.29,113.193,4
GM0232,Epe,258.472,0.0,28.06,286.532,20
GM0233,Ermelo,301.512,0.0,22.941,324.453,20
GM0243,Harderwijk,306.236,0.0,14.229,320.465,20
GM0244,Hattem,56.003,0.0,3.647,59.65,14
GM0246,Heerde,149.523,0.0,19.196,168.719,26
GM0252,Heumen,194.198,0.0,43.43,237.627,51
GM0262,Lochem,205.221,0.804,74.091,280.116,4
GM0263,Maasdriel,67.182,0.169,13.991,81.341,11
GM0267,Nijkerk,267.638,0.0,19.184,286.821,18
GM0268,Nijmegen,413.593,2.411,48.434,464.437,164
GM0269,Oldebroek,133.559,0.0,5.273,138.832,1
GM0273,Putten,296.307,1.402,14.64,312.35,6
GM0274,Renkum,71.129,1.036,22.243,94.408,13
GM0275,Rheden,68.726,0.094,14.454,83.274,21
GM0277,Rozendaal,23.414,0.0,1.606,25.02,0
GM0279,Scherpenzeel,24.341,0.0,0.623,24.963,20
GM0281,Tiel,92.559,0.0,3.196,95.755,2
GM0285,Voorst,218.015,0.0,39.243,257.258,21
GM0289,Wageningen,132.786,0.064,10.814,143.664,225
GM0293,Westervoort,29.197,0.0,1.336,30.532,6
GM0294,Winterswijk,89.657,5.819,1.925,97.401,6
GM0296,Wijchen,193.289,0.0,1.69,194.98,16
GM0297,Zaltbommel,50.988,0.012,5.168,56.168,19
GM0299,Zevenaar,194.198,0.165,22.84,217.203,32
GM0301,Zutphen,109.204,0.0,17.135,126.339,130
GM0302,Nunspeet,243.813,0.0,8.495,252.308,20
GM0303,Dronten,494.821,0.0,11.276,506.098,38
GM0307,Amersfoort,184.784,0.1,25.358,210.242,139
GM0308,Baarn,128.448,0.0,15.302,143.749,18
GM0310,De Bilt,83.636,0.0,2.231,85.868,20
GM0312,Bunnik,28.644,0.141,4.678,33.463,32
GM0313,Bunschoten,123.54,0.0,4.113,127.653,3
GM0317,Eemnes,59.806,0.0,2.693,62.498,6
GM0321,Houten,69.831,0.0,0.784,70.615,48
GM0327,Leusden,87.054,0.0,3.005,90.059,30
GM0331,Lopik,35.059,0.0,6.911,41.97,9
GM0335,Montfoort,41.063,0.0,8.969,50.033,16
GM0339,Renswoude,41.696,0.0,1.089,42.785,4
GM0340,Rhenen,110.439,0.057,1.754,112.251,34
GM0342,Soest,94.553,0.0,5.562,100.115,19
GM0344,Utrecht,358.009,0.442,25.391,383.842,532
GM0345,Veenendaal,172.717,0.368,8.931,182.016,110
GM0351,Woudenberg,38.525,0.0,0.197,38.722,5
GM0352,Wijk bij Duurstede,26.178,0.0,2.827,29.005,14
GM0353,IJsselstein,36.727,0.0,3.605,40.332,10
GM0355,Zeist,117.336,0.661,4.459,122.457,9
GM0356,Nieuwegein,88.063,0.106,14.777,102.946,83
GM0358,Aalsmeer,112.067,0.0,28.339,140.406,6
GM0361,Alkmaar,123.155,0.0,44.325,167.479,24
GM0362,Amstelveen,333.274,0.144,31.979,365.397,69
GM0363,Amsterdam,1176.07,3.311,75.087,1254.468,2166
GM0373,Bergen (NH.),105.615,0.107,3.823,109.546,43
GM0375,Beverwijk,62.225,0.0,9.891,72.116,5
GM0376,Blaricum,89.329,0.0,0.0,89.329,6
GM0377,Bloemendaal,78.046,0.0,5.85,83.897,22
GM0383,Castricum,71.288,0.0,3.306,74.594,11
GM0384,Diemen,91.74,0.001,1.929,93.671,82
GM0385,Edam-Volendam,56.317,0.065,10.634,67.017,5
GM0388,Enkhuizen,43.798,0.0,7.487,51.285,10
GM0392,Haarlem,137.136,0.267,24.484,161.888,173
GM0394,Haarlemmermeer,548.25,0.069,108.31,656.629,480
GM0396,Heemskerk,42.351,0.0,9.067,51.418,14
GM0397,Heemstede,32.961,0.0,7.954,40.915,18
GM0399,Heiloo,48.435,0.0,4.827,53.262,3
GM0400,Den Helder,118.598,0.034,7.212,125.843,60
GM0402,Hilversum,437.759,0.0,17.927,455.686,62
GM0405,Hoorn,146.334,0.0,50.685,197.018,37
GM0406,Huizen,181.911,0.0,11.711,193.622,75
GM0415,Landsmeer,30.676,0.0,5.868,36.544,21
GM0417,Laren (NH.),91.228,0.058,4.249,95.535,15
GM0420,Medemblik,216.896,0.0,29.728,246.624,7
GM0431,Oostzaan,23.204,0.0,1.093,24.297,1
GM0432,Opmeer,30.506,0.0,4.361,34.867,0
GM0437,Ouder-Amstel,93.253,0.0,5.199,98.453,22
GM0439,Purmerend,137.848,0.0,10.167,148.015,14
GM0441,Schagen,110.075,0.0,16.317,126.393,17
GM0448,Texel,181.99,5.074,3.178,190.243,62
GM0450,Uitgeest,20.66,0.0,0.691,21.351,7
GM0451,Uithoorn,106.751,0.0,13.055,119.806,10
GM0453,Velsen,147.947,0.575,9.86,158.382,18
GM0473,Zandvoort,32.879,0.0,3.885,36.764,16
GM0479,Zaanstad,146.775,0.672,10.384,157.83,33
GM0482,Alblasserdam,70.23,0.0,3.858,74.088,8
GM0484,Alphen aan den Rijn,208.798,0.0,5.954,214.752,17
GM0489,Barendrecht,199.561,0.0,1.828,201.389,82
GM0498,Drechterland,54.337,0.0,38.855,93.193,4
GM0502,Capelle aan den IJssel,146.939,0.0,7.996,154.935,16
GM0503,Delft,110.505,0.0,12.318,122.823,280
GM0505,Dordrecht,329.732,0.633,65.87,396.235,112
GM0512,Gorinchem,73.498,0.0,0.283,73.781,19
GM0513,Gouda,81.27,0.065,8.269,89.605,57
GM0518,'s-Gravenhage,437.596,0.103,49.975,487.675,651
GM0523,Hardinxveld-Giessendam,58.485,2.044,7.545,68.074,10
GM0531,Hendrik-Ido-Ambacht,74.416,0.0,3.547,77.962,18
GM0532,Stede Broec,67.098,0.0,17.662,84.76,2
GM0534,Hillegom,45.241,0.0,0.964,46.204,0
GM0537,Katwijk,67.88,0.0,6.757,74.638,36
GM0542,Krimpen aan den IJssel,58.527,0.0,14.263,72.789,12
GM0546,Leiden,124.349,0.13,14.612,139.091,103
GM0547,Leiderdorp,40.954,0.0,5.06,46.014,10
GM0553,Lisse,57.162,0.0,11.544,68.706,4
GM0556,Maassluis,83.02,0.0,0.947,83.968,26
GM0569,Nieuwkoop,80.659,0.0,1.552,82.211,3
GM0575,Noordwijk,96.846,0.27,8.245,105.36,11
GM0579,Oegstgeest,30.279,0.606,5.056,35.942,6
GM0589,Oudewater,26.438,0.0,4.136,30.574,0
GM0590,Papendrecht,98.335,0.0,0.753,99.088,12
GM0597,Ridderkerk,158.62,0.0,4.552,163.172,50
GM0599,Rotterdam,1368.957,0.0,96.244,1465.201,1076
GM0603,Rijswijk (ZH.),77.867,0.086,7.47,85.424,35
GM0606,Schiedam,155.569,0.0,5.906,161.475,44
GM0610,Sliedrecht,60.378,0.0,4.893,65.271,10
GM0613,Albrandswaard,92.569,0.0,13.519,106.088,22
GM0622,Vlaardingen,213.722,0.0,17.24,230.962,82
GM0626,Voorschoten,37.875,0.0,1.84,39.715,46
GM0627,Waddinxveen,55.013,0.368,6.851,62.232,71
GM0629,Wassenaar,68.216,0.064,3.24,71.52,20
GM0632,Woerden,169.898,0.18,6.929,177.006,20
GM0637,Zoetermeer,184.997,0.0,6.321,191.318,32
GM0638,Zoeterwoude,29.877,0.0,4.225,34.102,16
GM0642,Zwijndrecht,155.092,0.0,5.682,160.774,24
GM0654,Borsele,77.137,0.382,3.823,81.342,5
GM0664,Goes,95.662,0.0,5.955,101.617,13
GM0668,West Maas en Waal,101.927,0.0,11.449,113.376,16
GM0677,Hulst,64.07,1.005,5.208,70.284,20
GM0678,Kapelle,42.224,0.0,0.0,42.224,7
GM0687,Middelburg (Z.),74.74,0.468,3.037,78.244,110
GM0703,Reimerswaal,103.841,0.0,5.977,109.818,11
GM0715,Terneuzen,196.107,0.0,10.313,206.42,23
GM0716,Tholen,107.38,0.03,4.84,112.25,39
GM0717,Veere,139.117,0.0,5.423,144.54,97
GM0718,Vlissingen,83.32,0.056,2.012,85.387,51
GM0736,De Ronde Venen,203.524,1.501,14.552,219.578,43
GM0737,Tytsjerksteradiel,83.93,0.0,0.0,83.93,22
GM0743,Asten,66.377,0.0,13.693,80.07,3
GM0744,Baarle-Nassau,41.649,0.0,1.169,42.817,11
GM0748,Bergen op Zoom,243.896,0.0,2.922,246.818,14
GM0753,Best,68.731,0.293,4.967,73.991,13
GM0755,Boekel,56.051,0.0,7.665,63.717,4
GM0757,Boxtel,65.805,0.093,10.773,76.671,5
GM0758,Breda,260.373,0.21,28.182,288.765,205
GM0762,Deurne,184.944,0.0,30.278,215.223,0
GM0765,Pekela,33.684,0.0,0.769,34.452,0
GM0766,Dongen,48.826,0.0,8.314,57.14,0
GM0770,Eersel,75.139,0.0,1.351,76.491,3
GM0772,Eindhoven,347.945,0.318,42.625,390.887,502
GM0777,Etten-Leur,105.928,0.0,2.657,108.585,69
GM0779,Geertruidenberg,84.651,0.0,5.545,90.196,0
GM0784,Gilze en Rijen,70.613,0.0,10.616,81.229,5
GM0785,Goirle,44.377,0.0,5.15,49.527,7
GM0794,Helmond,376.774,0.0,15.723,392.497,228
GM0796,'s-Hertogenbosch,289.367,0.201,24.671,314.239,91
GM0797,Heusden,91.123,0.891,6.703,98.717,12
GM0798,Hilvarenbeek,77.958,0.298,0.0,78.256,8
GM0809,Loon op Zand,46.219,0.184,11.338,57.74,16
GM0820,"Nuenen, Gerwen en Nederwetten",76.605,0.0,1.875,78.48,8
GM0823,Oirschot,87.999,0.0,3.625,91.625,1
GM0824,Oisterwijk,90.074,0.145,7.62,97.839,14
GM0826,Oosterhout,166.321,0.285,12.021,178.627,16
GM0828,Oss,401.283,0.993,47.972,450.248,100
GM0840,Rucphen,48.984,0.0,13.877,62.861,5
GM0845,Sint-Michielsgestel,41.021,0.0,4.444,45.465,13
GM0847,Someren,146.637,0.0,4.479,151.116,18
GM0848,Son en Breugel,37.18,0.0,4.551,41.731,8
GM0851,Steenbergen,96.284,0.0,1.474,97.758,7
GM0852,Waterland,58.347,0.0,0.085,58.431,29
GM0855,Tilburg,285.834,1.244,25.907,312.985,136
GM0858,Valkenswaard,36.486,0.032,2.189,38.707,5
GM0861,Veldhoven,101.673,0.0,4.286,105.959,25
GM0865,Vught,86.67,0.991,10.886,98.547,24
GM0866,Waalre,50.469,0.0,0.203,50.672,2
GM0867,Waalwijk,95.81,0.219,7.502,103.532,5
GM0873,Woensdrecht,94.506,1.009,5.898,101.414,13
GM0879,Zundert,73.568,0.0,17.157,90.724,2
GM0880,Wormerland,13.528,0.0,0.233,13.761,2
GM0882,Landgraaf,47.245,0.0,8.049,55.294,11
GM0888,Beek (L.),27.464,0.0,4.624,32.088,5
GM0889,Beesel,18.0,0.0,2.881,20.881,4
GM0893,Bergen (L.),138.719,0.024,1.268,140.01,12
GM0899,Brunssum,40.882,0.065,7.341,48.288,7
GM0907,Gennep,100.891,0.189,16.62,117.7,30
GM0917,Heerlen,95.935,0.81,35.526,132.27,26
GM0928,Kerkrade,54.058,0.0,3.29,57.348,5
GM0935,Maastricht,126.102,4.77,37.54,168.412,173
GM0938,Meerssen,33.754,0.05,2.902,36.706,0
GM0944,Mook en Middelaar,54.961,0.0,6.947,61.909,12
GM0946,Nederweert,42.62,0.0,2.193,44.813,6
GM0957,Roermond,106.908,0.0,3.214,110.123,26
GM0965,Simpelveld,8.686,0.0,1.419,10.105,1
GM0971,Stein (L.),51.343,0.0,1.24,52.584,0
GM0981,Vaals,12.123,0.0,11.691,23.814,29
GM0983,Venlo,210.682,0.414,26.254,237.35,29
GM0984,Venray,267.569,0.0,13.08,280.649,50
GM0986,Voerendaal,27.213,0.0,6.488,33.701,1
GM0988,Weert,96.658,0.0,12.706,109.364,16
GM0994,Valkenburg aan de Geul,27.642,0.054,11.969,39.664,13
GM0995,Lelystad,639.1,0.184,17.349,656.633,41
GM1507,Horst aan de Maas,251.203,0.564,17.11,268.877,12
GM1509,Oude IJsselstreek,103.865,0.0,8.8,112.666,3
GM1525,Teylingen,81.763,0.0,9.546,91.308,14
GM1581,Utrechtse Heuvelrug,128.366,0.15,5.336,133.852,27
GM1586,Oost Gelre,79.485,0.636,7.87,87.991,8
GM1598,Koggenland,36.688,0.0,19.22,55.907,21
GM1621,Lansingerland,166.19,0.0,10.342,176.532,38
GM1640,Leudal,126.484,0.0,1.806,128.29,6
GM1641,Maasgouw,63.761,0.0,2.36,66.121,18
GM1652,Gemert-Bakel,223.496,0.0,3.132,226.628,6
GM1655,Halderberge,48.606,0.0,9.472,58.078,7
GM1658,Heeze-Leende,117.185,0.0,6.722,123.907,0
GM1659,Laarbeek,129.535,0.0,1.83,131.365,2
GM1667,Reusel-De Mierden,59.197,0.0,1.354,60.551,1
GM1669,Roerdalen,50.043,0.0,1.213,51.256,12
GM1674,Roosendaal,136.225,0.456,12.941,149.622,9
GM1676,Schouwen-Duiveland,205.031,0.018,12.004,217.052,95
GM1680,Aa en Hunze,252.955,0.0,0.0,252.955,48
GM1681,Borger-Odoorn,203.098,0.0,0.0,203.098,11
GM1690,De Wolden,262.666,0.0,2.883,265.549,20
GM1695,Noord-Beveland,31.029,0.0,0.498,31.527,22
GM1696,Wijdemeren,147.108,3.964,3.961,155.033,80
GM1699,Noordenveld,241.698,0.0,1.692,243.389,28
GM1700,Twenterand,138.902,0.0,15.941,154.843,32
GM1701,Westerveld,502.415,0.0,4.085,506.499,31
GM1705,Lingewaard,223.137,0.906,10.07,234.113,110
GM1706,Cranendonck,73.53,0.0,0.454,73.984,0
GM1708,Steenwijkerland,197.35,0.0,0.563,197.913,16
GM1709,Moerdijk,181.511,2.601,15.046,199.158,12
GM1711,Echt-Susteren,120.826,0.0,14.517,135.343,16
GM1714,Sluis,192.023,1.004,9.844,202.872,55
GM1719,Drimmelen,103.145,0.079,15.699,118.923,23
GM1721,Bernheze,136.828,0.0,20.131,156.959,26
GM1723,Alphen-Chaam,81.768,0.0,1.566,83.334,1
GM1724,Bergeijk,13.004,0.0,0.676,13.68,2
GM1728,Bladel,71.677,0.0,2.543,74.22,2
GM1729,Gulpen-Wittem,35.002,0.074,10.622,45.698,3
GM1730,Tynaarlo,216.162,0.0,1.153,217.315,56
GM1731,Midden-Drenthe,323.247,0.0,5.978,329.226,30
GM1734,Overbetuwe,206.531,0.503,8.037,215.072,22
GM1735,Hof van Twente,309.637,1.324,16.749,327.71,12
GM1740,Neder-Betuwe,105.501,0.0,3.178,108.679,0
GM1742,Rijssen-Holten,159.071,0.0,52.027,211.098,12
GM1771,Geldrop-Mierlo,161.609,0.0,6.425,168.035,51
GM1773,Olst-Wijhe,91.134,0.0,5.552,96.686,4
GM1774,Dinkelland,181.041,0.0,8.139,189.181,33
GM1783,Westland,170.073,0.0,37.669,207.742,54
GM1842,Midden-Delfland,82.235,0.0,11.076,93.312,28
GM1859,Berkelland,192.111,2.472,13.771,208.354,1
GM1876,Bronckhorst,168.409,0.046,25.141,193.596,8
GM1883,Sittard-Geleen,175.699,0.405,11.783,187.886,13
GM1884,Kaag en Braassem,57.349,1.642,3.877,62.868,23
GM1891,Dantumadiel,40.362,0.0,1.798,42.161,6
GM1892,Zuidplas,108.867,0.028,2.505,111.401,12
GM1894,Peel en Maas,106.575,0.192,5.387,112.153,22
GM1895,Oldambt,147.487,0.061,2.455,150.003,12
GM1896,Zwartewaterland,54.164,0.018,3.65,57.832,2
GM1900,Súdwest-Fryslân,288.479,0.0,5.134,293.613,30
GM1901,Bodegraven-Reeuwijk,61.685,0.0,2.876,64.561,6
GM1903,Eijsden-Margraten,52.827,0.452,8.512,61.791,5
GM1904,Stichtse Vecht,145.132,0.202,15.414,160.747,18
GM1911,Hollands Kroon,290.763,0.0,58.374,349.138,15
GM1916,Leidschendam-Voorburg,78.84,0.013,10.805,89.657,590
GM1924,Goeree-Overflakkee,329.464,0.059,108.296,437.819,48
GM1926,Pijnacker-Nootdorp,90.376,0.0,11.458,101.833,60
GM1930,Nissewaard,328.775,0.0,12.612,341.387,78
GM1931,Krimpenerwaard,149.709,0.0,18.032,167.74,30
GM1940,De Fryske Marren,168.929,0.029,0.158,169.116,24
GM1942,Gooise Meren,276.414,0.0,7.882,284.296,77
GM1945,Berg en Dal,223.613,0.149,18.103,241.864,21
GM1948,Meierijstad,262.472,0.0,10.922,273.394,23
GM1949,Waadhoeke,164.426,0.0,0.353,164.78,7
GM1950,Westerwolde,147.193,0.0,3.31,150.503,17
GM1952,Midden-Groningen,199.462,0.0,1.163,200.625,22
GM1954,Beekdaelen,75.339,0.088,10.5,85.927,5
GM1955,Montferland,104.693,0.0,11.351,116.044,11
GM1959,Altena,181.237,0.187,12.93,194.354,6
GM1960,West Betuwe,98.219,1.159,9.122,108.5,10
GM1961,Vijfheerenlanden,100.692,0.0,5.308,106.0,58
GM1963,Hoeksche Waard,318.551,0.0,14.705,333.256,203
GM1966,Het Hogeland,207.455,0.014,2.247,209.717,209
GM1969,Westerkwartier,225.881,0.0,0.139,226.02,78
GM1970,Noardeast-Fryslân,161.033,0.0,0.08,161.112,60
GM1978,Molenlanden,292.026,0.0,12.313,304.338,32
GM1979,Eemsdelta,144.028,0.0,3.112,147.14,72
GM1980,Dijk en Waard,146.668,0.074,15.817,162.559,6
GM1982,Land van Cuijk,839.702,2.083,59.734,901.519,17
GM1991,Maashorst,374.701,0.0,53.738,428.439,55
GM1992,Voorne aan Zee,271.948,0.0,13.717,285.665,84
