gemeente_code,gemeente_name,province,area_km2,centroid_lat,centroid_lon,population,population_density_km2
GM0014,Groningen,Groningen,197.82,53.218597,6.620649,243768,1314.0
GM0034,Almere,Flevoland,139.34,52.367184,5.246656,226500,1753.0
GM0037,Stadskanaal,Groningen,119.86,53.00212,7.010251,32013,272.0
GM0047,Veendam,Groningen,78.68,53.089005,6.880065,27520,362.0
GM0050,Zeewolde,Flevoland,252.95,52.345896,5.450961,23899,97.0
GM0059,Achtkarspelen,Fryslân,103.94,53.216716,6.143189,28226,276.0
GM0060,Ameland,Fryslân,57.97,53.450638,5.750189,3839,68.0
GM0072,Harlingen,Fryslân,25.89,53.175371,5.451898,16229,650.0
GM0074,Heerenveen,Fryslân,198.22,52.996013,5.978014,51787,273.0
GM0080,Leeuwarden,Fryslân,255.26,53.170006,5.797929,128810,542.0
GM0085,Ooststellingwerf,Fryslân,226.08,52.982382,6.28297,25824,116.0
GM0086,Opsterland,Fryslân,227.69,53.049163,6.112718,30059,134.0
GM0088,Schiermonnikoog,Fryslân,42.92,53.491173,6.22734,972,23.0
GM0090,Smallingerland,Fryslân,126.15,53.113453,6.038973,56661,484.0
GM0093,Terschelling,Fryslân,86.36,53.398273,5.329353,4898,56.0
GM0096,Vlieland,,42.95,53.258558,4.974548,1255,30.0
GM0098,Weststellingwerf,Fryslân,228.59,52.875752,6.017665,26487,120.0
GM0106,Assen,Drenthe,83.48,53.001261,6.552496,69701,851.0
GM0109,Coevorden,Drenthe,299.6,52.740226,6.735936,35725,121.0
GM0114,Emmen,Drenthe,346.13,52.749643,6.961922,109346,326.0
GM0118,Hoogeveen,Drenthe,129.37,52.72308,6.513614,56591,444.0
GM0119,Meppel,Drenthe,57.05,52.715945,6.193912,35810,645.0
GM0141,Almelo,Overijssel,69.38,52.347953,6.658128,74317,1106.0
GM0147,Borne,Overijssel,26.22,52.312348,6.743533,24639,948.0
GM0148,Dalfsen,Overijssel,166.51,52.514721,6.276676,29683,180.0
GM0150,Deventer,Overijssel,134.3,52.268242,6.235763,103405,792.0
GM0153,Enschede,Overijssel,142.71,52.220789,6.877772,161738,1149.0
GM0158,Haaksbergen,Overijssel,105.53,52.155517,6.755874,24359,232.0
GM0160,Hardenberg,Overijssel,317.13,52.585623,6.574159,62932,202.0
GM0163,Hellendoorn,Overijssel,138.96,52.386375,6.450851,36264,263.0
GM0164,Hengelo (O.),Overijssel,61.83,52.254984,6.77825,83058,1365.0
GM0166,Kampen,Overijssel,150.01,52.555777,5.931039,56177,398.0
GM0168,Losser,Overijssel,99.68,52.302814,7.002765,23376,237.0
GM0171,Noordoostpolder,Flevoland,466.03,52.712711,5.768089,50035,109.0
GM0173,Oldenzaal,Overijssel,21.96,52.307708,6.911053,31794,1475.0
GM0175,Ommen,Overijssel,182.02,52.516107,6.434759,19031,106.0
GM0177,Raalte,Overijssel,172.26,52.387826,6.279037,38364,224.0
GM0180,Staphorst,Overijssel,135.79,52.633514,6.207052,17739,132.0
GM0183,Tubbergen,Overijssel,147.49,52.410589,6.776758,21397,146.0
GM0184,Urk,Flevoland,13.48,52.664821,5.622901,21958,1671.0
GM0189,Wierden,Overijssel,95.35,52.344445,6.560592,24931,264.0
GM0193,Zwolle,Overijssel,119.25,52.518625,6.118395,133141,1203.0
GM0197,Aalten,Gelderland,97.07,51.921779,6.560609,27308,283.0
GM0200,Apeldoorn,Gelderland,341.05,52.189855,5.921941,168211,495.0
GM0202,Arnhem,Gelderland,101.59,52.001073,5.89265,167632,1715.0
GM0203,Barneveld,Gelderland,176.72,52.1683,5.641878,62592,356.0
GM0209,Beuningen,Gelderland,47.05,51.862805,5.740243,26725,613.0
GM0213,Brummen,Gelderland,84.96,52.108942,6.118456,21286,255.0
GM0214,Buren,Gelderland,143.0,51.938332,5.40361,27773,208.0
GM0216,Culemborg,Gelderland,31.16,51.945784,5.210394,29944,1023.0
GM0221,Doesburg,Gelderland,12.93,52.018761,6.146811,11079,959.0
GM0222,Doetinchem,Gelderland,79.68,51.960779,6.286639,59623,754.0
GM0225,Druten,Gelderland,42.37,51.87499,5.612268,19590,522.0
GM0226,Duiven,Gelderland,35.21,51.946523,6.018133,24872,734.0
GM0228,Ede,Gelderland,318.69,52.076425,5.728066,123532,388.0
GM0230,Elburg,Gelderland,64.08,52.41208,5.849923,23906,375.0
GM0232,Epe,Gelderland,157.44,52.325509,5.954945,33168,212.0
GM0233,Ermelo,Gelderland,85.48,52.28773,5.668313,27856,325.0
GM0243,Harderwijk,Gelderland,38.97,52.339476,5.655288,49387,1269.0
GM0244,Hattem,Gelderland,24.15,52.47482,6.053146,12624,547.0
GM0246,Heerde,Gelderland,80.47,52.406039,6.050364,19226,245.0
GM0252,Heumen,Gelderland,41.54,51.777878,5.818499,16836,424.0
GM0262,Lochem,Gelderland,216.0,52.179481,6.346886,34289,161.0
GM0263,Maasdriel,Gelderland,75.58,51.776235,5.296976,26197,398.0
GM0267,Nijkerk,Gelderland,70.0,52.210847,5.485741,45361,654.0
GM0268,Nijmegen,Gelderland,57.64,51.838527,5.836828,187049,3542.0
GM0269,Oldebroek,Gelderland,98.2,52.45674,5.9376,24281,249.0
GM0273,Putten,Gelderland,85.36,52.243263,5.584467,24978,293.0
GM0274,Renkum,Gelderland,47.26,51.989626,5.784837,31419,684.0
GM0275,Rheden,Gelderland,84.29,52.03357,6.051257,43661,534.0
GM0277,Rozendaal,Gelderland,27.86,52.042519,5.967941,1831,66.0
GM0279,Scherpenzeel,Gelderland,13.79,52.08932,5.50047,10343,750.0
GM0281,Tiel,Gelderland,35.52,51.885103,5.406971,42370,1292.0
GM0285,Voorst,Gelderland,126.47,52.225516,6.09911,25377,206.0
GM0289,Wageningen,Gelderland,32.35,51.973492,5.663516,42579,1400.0
GM0293,Westervoort,Gelderland,7.79,51.957497,5.970823,15151,2160.0
GM0294,Winterswijk,Gelderland,138.82,51.969855,6.725904,29231,212.0
GM0296,Wijchen,Gelderland,69.58,51.816734,5.701925,41545,629.0
GM0297,Zaltbommel,Gelderland,89.01,51.792246,5.158521,30385,386.0
GM0299,Zevenaar,Gelderland,106.13,51.924138,6.085308,45041,486.0
GM0301,Zutphen,Gelderland,42.9,52.136338,6.233918,48752,1191.0
GM0302,Nunspeet,Gelderland,128.86,52.33896,5.786572,29072,226.0
GM0303,Dronten,Flevoland,339.03,52.502679,5.701754,44354,133.0
GM0307,Amersfoort,Utrecht,63.81,52.173607,5.384681,161852,2590.0
GM0308,Baarn,Utrecht,33.02,52.203835,5.26418,25065,770.0
GM0310,De Bilt,Utrecht,67.14,52.141748,5.174345,43718,661.0
GM0312,Bunnik,Utrecht,37.59,52.04096,5.216956,16108,436.0
GM0313,Bunschoten,Utrecht,30.92,52.238736,5.358041,22619,744.0
GM0317,Eemnes,Utrecht,31.43,52.249886,5.27966,9755,314.0
GM0321,Houten,Utrecht,58.99,52.00412,5.181724,50847,926.0
GM0327,Leusden,Utrecht,58.83,52.122253,5.41652,31681,541.0
GM0331,Lopik,Utrecht,78.89,51.98539,4.945561,14724,195.0
GM0335,Montfoort,Utrecht,38.26,52.04771,4.944086,13868,369.0
GM0339,Renswoude,Utrecht,18.51,52.068973,5.534167,5753,313.0
GM0340,Rhenen,Utrecht,43.74,51.980779,5.560489,20235,482.0
GM0342,Soest,Utrecht,46.47,52.156198,5.296291,47682,1031.0
GM0344,Utrecht,Utrecht,99.19,52.091156,5.074746,374238,3991.0
GM0345,Veenendaal,Utrecht,19.74,52.023679,5.555665,69440,3575.0
GM0351,Woudenberg,Utrecht,36.78,52.081145,5.426801,14637,401.0
GM0352,Wijk bij Duurstede,Utrecht,50.42,51.989225,5.325261,23945,503.0
GM0353,IJsselstein,Utrecht,21.7,52.027657,5.028882,33421,1591.0
GM0355,Zeist,Utrecht,48.61,52.101965,5.255252,66641,1374.0
GM0356,Nieuwegein,Utrecht,25.68,52.030803,5.094668,65971,2817.0
GM0358,Aalsmeer,Noord-Holland,32.35,52.257743,4.755072,33279,1656.0
GM0361,Alkmaar,Noord-Holland,117.33,52.601808,4.803304,112304,1018.0
GM0362,Amstelveen,Noord-Holland,44.05,52.289273,4.851497,95014,2311.0
GM0363,Amsterdam,Noord-Holland,220.83,52.365041,4.908512,931298,4950.0
GM0373,Bergen (NH.),Noord-Holland,99.79,52.663461,4.669911,29932,302.0
GM0375,Beverwijk,Noord-Holland,18.92,52.484081,4.653663,42866,2336.0
GM0376,Blaricum,Noord-Holland,11.28,52.279598,5.260123,12724,1149.0
GM0377,Bloemendaal,Noord-Holland,40.69,52.38195,4.585797,23786,598.0
GM0383,Castricum,Noord-Holland,55.24,52.556969,4.682916,36366,733.0
GM0384,Diemen,Noord-Holland,12.92,52.336448,4.986924,32977,2760.0
GM0385,Edam-Volendam,Noord-Holland,57.3,52.541356,5.018976,36917,680.0
GM0388,Enkhuizen,Noord-Holland,13.81,52.720783,5.270708,18895,1492.0
GM0392,Haarlem,Noord-Holland,32.06,52.383426,4.647572,167636,5739.0
GM0394,Haarlemmermeer,Noord-Holland,206.23,52.308099,4.686459,163128,827.0
GM0396,Heemskerk,Noord-Holland,27.77,52.511937,4.648182,39452,1447.0
GM0397,Heemstede,Noord-Holland,9.65,52.344765,4.615428,27593,3008.0
GM0399,Heiloo,Noord-Holland,19.04,52.599862,4.708518,24312,1300.0
GM0400,Den Helder,Noord-Holland,47.35,52.92261,4.75402,56432,1251.0
GM0402,Hilversum,Noord-Holland,46.38,52.223143,5.167977,94435,2070.0
GM0405,Hoorn,Noord-Holland,20.96,52.656125,5.070036,75645,3713.0
GM0406,Huizen,Noord-Holland,15.92,52.292212,5.231773,41193,2605.0
GM0415,Landsmeer,Noord-Holland,26.53,52.450573,4.924532,11661,520.0
GM0417,Laren (NH.),Noord-Holland,12.41,52.247142,5.217055,11439,922.0
GM0420,Medemblik,Noord-Holland,126.19,52.720795,5.099198,46002,379.0
GM0431,Oostzaan,Noord-Holland,16.09,52.45196,4.876075,9694,839.0
GM0432,Opmeer,Noord-Holland,41.96,52.715282,4.953471,12199,294.0
GM0437,Ouder-Amstel,Noord-Holland,25.77,52.289363,4.913504,14447,603.0
GM0439,Purmerend,Noord-Holland,96.6,52.543569,4.930662,95168,1017.0
GM0441,Schagen,Noord-Holland,172.1,52.784286,4.748222,47744,284.0
GM0448,Texel,Noord-Holland,166.46,53.078749,4.80512,13815,85.0
GM0450,Uitgeest,Noord-Holland,22.28,52.523423,4.728603,13400,700.0
GM0451,Uithoorn,Noord-Holland,19.41,52.236902,4.790866,31685,1749.0
GM0453,Velsen,Noord-Holland,49.28,52.449459,4.630186,69241,1538.0
GM0473,Zandvoort,Noord-Holland,33.81,52.358092,4.543507,17469,545.0
GM0479,Zaanstad,Noord-Holland,83.22,52.462936,4.773021,161389,2189.0
GM0482,Alblasserdam,Zuid-Holland,10.05,51.864618,4.665779,20314,2316.0
GM0484,Alphen aan den Rijn,Zuid-Holland,132.54,52.113308,4.641007,114966,913.0
GM0489,Barendrecht,Zuid-Holland,21.73,51.851061,4.525405,48690,2487.0
GM0498,Drechterland,Noord-Holland,59.54,52.663929,5.164996,20496,348.0
GM0502,Capelle aan den IJssel,Zuid-Holland,15.39,51.934944,4.580136,67925,4803.0
GM0503,Delft,Zuid-Holland,24.06,51.998439,4.363154,109577,4835.0
GM0505,Dordrecht,Zuid-Holland,98.73,51.782051,4.70953,122070,1574.0
GM0512,Gorinchem,Zuid-Holland,21.97,51.838442,4.97704,38671,2066.0
GM0513,Gouda,Zuid-Holland,18.11,52.015299,4.706215,75758,4592.0
GM0518,'s-Gravenhage,Zuid-Holland,85.57,52.068561,4.300296,566221,6868.0
GM0523,Hardinxveld-Giessendam,Zuid-Holland,19.37,51.832636,4.852411,18762,1113.0
GM0531,Hendrik-Ido-Ambacht,Zuid-Holland,11.88,51.84175,4.638801,32689,3209.0
GM0532,Stede Broec,Noord-Holland,15.58,52.700988,5.225244,22217,1534.0
GM0534,Hillegom,Zuid-Holland,13.49,52.296751,4.576933,22822,1775.0
GM0537,Katwijk,Zuid-Holland,26.34,52.189816,4.422382,66966,2700.0
GM0542,Krimpen aan den IJssel,Zuid-Holland,8.97,51.914686,4.601973,29626,3861.0
GM0546,Leiden,Zuid-Holland,23.32,52.154979,4.485119,130108,5954.0
GM0547,Leiderdorp,Zuid-Holland,12.28,52.156636,4.542068,27736,2413.0
GM0553,Lisse,Zuid-Holland,16.06,52.255515,4.545813,23447,1494.0
GM0556,Maassluis,Zuid-Holland,10.11,51.925209,4.248775,35832,4243.0
GM0569,Nieuwkoop,Zuid-Holland,91.06,52.170815,4.779477,29501,376.0
GM0575,Noordwijk,Zuid-Holland,59.58,52.269817,4.484607,45734,784.0
GM0579,Oegstgeest,Zuid-Holland,7.99,52.185565,4.471147,25948,3557.0
GM0589,Oudewater,Utrecht,40.13,52.027459,4.864201,10223,263.0
GM0590,Papendrecht,Zuid-Holland,10.79,51.833247,4.703377,32178,3418.0
GM0597,Ridderkerk,Zuid-Holland,25.31,51.868825,4.596176,47721,2033.0
GM0599,Rotterdam,Zuid-Holland,294.23,51.926934,4.304408,670610,3070.0
GM0603,Rijswijk (ZH.),Zuid-Holland,14.52,52.036204,4.326036,59642,4267.0
GM0606,Schiedam,Zuid-Holland,19.85,51.926755,4.385266,81838,4596.0
GM0610,Sliedrecht,Zuid-Holland,14.02,51.830678,4.772954,26261,2044.0
GM0613,Albrandswaard,Zuid-Holland,23.75,51.852049,4.435711,26428,1220.0
GM0622,Vlaardingen,Zuid-Holland,26.62,51.917417,4.327948,76409,3270.0
GM0626,Voorschoten,Zuid-Holland,11.54,52.124812,4.438628,25625,2306.0
GM0627,Waddinxveen,Zuid-Holland,29.4,52.042402,4.640713,34000,1225.0
GM0629,Wassenaar,Zuid-Holland,52.94,52.137601,4.373143,27100,530.0
GM0632,Woerden,Utrecht,92.99,52.106945,4.898855,53724,607.0
GM0637,Zoetermeer,Zuid-Holland,37.06,52.060905,4.489802,128434,3730.0
GM0638,Zoeterwoude,Zuid-Holland,21.93,52.114803,4.513863,9732,460.0
GM0642,Zwijndrecht,Zuid-Holland,22.75,51.821914,4.605773,44874,2210.0
GM0654,Borsele,Zeeland,142.7,51.445153,3.812975,23121,163.0
GM0664,Goes,Zeeland,94.83,51.515182,3.844927,39682,429.0
GM0668,West Maas en Waal,Gelderland,85.2,51.851651,5.49672,20330,267.0
GM0677,Hulst,Zeeland,207.26,51.32215,4.067881,27330,136.0
GM0678,Kapelle,Zeeland,38.12,51.484779,3.967587,13009,350.0
GM0687,Middelburg (Z.),Zeeland,50.08,51.501843,3.647839,50004,1034.0
GM0703,Reimerswaal,,112.94,51.437072,4.1374,23325,229.0
GM0715,Terneuzen,Zeeland,261.01,51.287892,3.845918,55132,220.0
GM0716,Tholen,Zeeland,156.4,51.572979,4.132784,26851,183.0
GM0717,Veere,Zeeland,134.95,51.538007,3.557049,22067,166.0
GM0718,Vlissingen,Zeeland,35.35,51.46023,3.618896,45389,1321.0
GM0736,De Ronde Venen,Utrecht,117.1,52.22634,4.917313,45813,460.0
GM0737,Tytsjerksteradiel,Fryslân,161.44,53.199902,5.962737,32595,219.0
GM0743,Asten,Noord-Brabant,71.36,51.386337,5.779278,17302,246.0
GM0744,Baarle-Nassau,Noord-Brabant,76.45,51.438968,4.89304,7076,93.0
GM0748,Bergen op Zoom,Noord-Brabant,93.11,51.503474,4.288315,69694,872.0
GM0753,Best,Noord-Brabant,34.66,51.514128,5.396564,31223,921.0
GM0755,Boekel,Noord-Brabant,34.49,51.606679,5.69378,11293,327.0
GM0757,Boxtel,Noord-Brabant,70.36,51.581149,5.324095,33979,492.0
GM0758,Breda,Noord-Brabant,128.58,51.585086,4.761479,188078,1496.0
GM0762,Deurne,Noord-Brabant,118.34,51.436232,5.82693,33180,284.0
GM0765,Pekela,Groningen,50.22,53.070625,6.972944,12517,255.0
GM0766,Dongen,Noord-Brabant,29.75,51.635864,4.955454,27095,927.0
GM0770,Eersel,Noord-Brabant,83.28,51.396484,5.314602,20199,245.0
GM0772,Eindhoven,Noord-Brabant,89.43,51.450141,5.458538,246417,2800.0
GM0777,Etten-Leur,Noord-Brabant,55.97,51.578324,4.644941,45237,818.0
GM0779,Geertruidenberg,Noord-Brabant,29.62,51.697149,4.881646,22060,829.0
GM0784,Gilze en Rijen,Noord-Brabant,65.58,51.559619,4.918628,27343,418.0
GM0785,Goirle,Noord-Brabant,43.37,51.512273,5.033071,24327,566.0
GM0794,Helmond,Noord-Brabant,54.78,51.476137,5.656999,95874,1803.0
GM0796,'s-Hertogenbosch,Noord-Brabant,117.8,51.716797,5.35199,160757,1468.0
GM0797,Heusden,Noord-Brabant,81.07,51.696768,5.160265,46026,584.0
GM0798,Hilvarenbeek,Noord-Brabant,96.47,51.479519,5.145469,15961,168.0
GM0809,Loon op Zand,Noord-Brabant,50.7,51.640562,5.04755,23850,478.0
GM0820,"Nuenen, Gerwen en Nederwetten",Noord-Brabant,33.92,51.478577,5.549491,24231,720.0
GM0823,Oirschot,Noord-Brabant,102.85,51.492587,5.28977,19280,189.0
GM0824,Oisterwijk,Noord-Brabant,81.52,51.562474,5.204518,32952,411.0
GM0826,Oosterhout,Noord-Brabant,73.12,51.637786,4.864018,57924,811.0
GM0828,Oss,Noord-Brabant,170.88,51.781554,5.5264,94634,584.0
GM0840,Rucphen,Noord-Brabant,64.49,51.522702,4.558547,23920,372.0
GM0845,Sint-Michielsgestel,Noord-Brabant,59.32,51.65709,5.378114,30094,516.0
GM0847,Someren,Noord-Brabant,81.5,51.378805,5.691368,20188,252.0
GM0848,Son en Breugel,Noord-Brabant,26.53,51.516379,5.482518,17959,692.0
GM0851,Steenbergen,Noord-Brabant,150.94,51.597364,4.324967,24476,167.0
GM0852,Waterland,Noord-Holland,55.85,52.452226,5.014608,17525,337.0
GM0855,Tilburg,Noord-Brabant,128.54,51.583429,5.077368,229836,1826.0
GM0858,Valkenswaard,Noord-Brabant,56.48,51.323759,5.449219,31714,578.0
GM0861,Veldhoven,Noord-Brabant,31.9,51.411843,5.383214,46827,1478.0
GM0865,Vught,Noord-Brabant,61.06,51.650363,5.242566,32356,539.0
GM0866,Waalre,Noord-Brabant,22.62,51.387271,5.464879,17988,804.0
GM0867,Waalwijk,Noord-Brabant,67.7,51.692314,5.01188,50302,779.0
GM0873,Woensdrecht,Noord-Brabant,91.96,51.40832,4.342216,22208,242.0
GM0879,Zundert,Noord-Brabant,121.23,51.479791,4.642618,22553,187.0
GM0880,Wormerland,Noord-Holland,45.12,52.502016,4.855123,16552,430.0
GM0882,Landgraaf,Limburg,24.68,50.906414,6.033,37112,1510.0
GM0888,Beek (L.),Limburg,21.12,50.930838,5.809039,16215,770.0
GM0889,Beesel,Limburg,29.16,51.269134,6.068935,13394,480.0
GM0893,Bergen (L.),Limburg,108.38,51.591905,6.089455,13154,127.0
GM0899,Brunssum,Limburg,17.31,50.942949,5.978041,27770,1611.0
GM0907,Gennep,Limburg,50.52,51.699293,5.987056,17789,374.0
GM0917,Heerlen,Limburg,45.55,50.893302,5.969477,87461,1948.0
GM0928,Kerkrade,Limburg,22.13,50.871802,6.050987,45311,2068.0
GM0935,Maastricht,Limburg,60.13,50.852977,5.6995,125285,2246.0
GM0938,Meerssen,Limburg,27.65,50.901274,5.756335,18576,695.0
GM0944,Mook en Middelaar,Limburg,18.77,51.747427,5.899606,8153,469.0
GM0946,Nederweert,Limburg,101.77,51.294347,5.773287,17492,175.0
GM0957,Roermond,Limburg,71.04,51.201163,6.011438,60743,1002.0
GM0965,Simpelveld,Limburg,16.03,50.828803,5.98659,10255,640.0
GM0971,Stein (L.),Limburg,22.8,50.968974,5.76366,24744,1183.0
GM0981,Vaals,Limburg,23.87,50.774299,5.975873,10121,424.0
GM0983,Venlo,Limburg,128.9,51.390944,6.159124,103789,836.0
GM0984,Venray,Limburg,165.08,51.515382,5.962932,44662,274.0
GM0986,Voerendaal,Limburg,31.56,50.869374,5.916495,12375,393.0
GM0988,Weert,Limburg,105.53,51.233536,5.691725,51079,490.0
GM0994,Valkenburg aan de Geul,Limburg,36.88,50.860737,5.823831,16431,447.0
GM0995,Lelystad,Flevoland,255.76,52.47809,5.471987,84080,367.0
GM1507,Horst aan de Maas,Limburg,192.01,51.444846,6.041651,43917,233.0
GM1509,Oude IJsselstreek,Gelderland,137.96,51.907789,6.409473,39402,290.0
GM1525,Teylingen,Zuid-Holland,33.45,52.213991,4.511937,38470,1358.0
GM1581,Utrechtse Heuvelrug,Utrecht,133.96,52.034752,5.388312,50550,383.0
GM1586,Oost Gelre,Gelderland,110.4,52.009836,6.575754,29969,273.0
GM1598,Koggenland,Noord-Holland,83.4,52.64467,4.948167,23587,294.0
GM1621,Lansingerland,Zuid-Holland,56.34,52.003974,4.506052,65594,1231.0
GM1640,Leudal,Limburg,164.92,51.239438,5.884803,36006,222.0
GM1641,Maasgouw,Limburg,58.04,51.161549,5.882435,24406,534.0
GM1652,Gemert-Bakel,Noord-Brabant,123.37,51.540764,5.754265,31435,258.0
GM1655,Halderberge,Noord-Brabant,75.17,51.590533,4.523017,31183,419.0
GM1658,Heeze-Leende,Noord-Brabant,105.06,51.36081,5.567195,16807,162.0
GM1659,Laarbeek,Noord-Brabant,56.13,51.530891,5.61174,23220,420.0
GM1667,Reusel-De Mierden,Noord-Brabant,78.67,51.378231,5.147779,13577,174.0
GM1669,Roerdalen,Limburg,88.8,51.145705,6.041149,20806,236.0
GM1674,Roosendaal,Noord-Brabant,107.08,51.513155,4.424518,77559,728.0
GM1676,Schouwen-Duiveland,Zeeland,235.94,51.687318,3.900705,34631,151.0
GM1680,Aa en Hunze,Drenthe,278.76,52.992993,6.727301,25845,94.0
GM1681,Borger-Odoorn,Drenthe,277.95,52.90588,6.871983,26014,95.0
GM1690,De Wolden,Drenthe,226.21,52.701629,6.373519,24580,110.0
GM1695,Noord-Beveland,Zeeland,86.9,51.574103,3.771969,7943,92.0
GM1696,Wijdemeren,Noord-Holland,76.38,52.226166,5.084838,24605,518.0
GM1699,Noordenveld,Drenthe,205.22,53.095606,6.4403,31686,159.0
GM1700,Twenterand,Overijssel,108.17,52.447869,6.598175,34073,321.0
GM1701,Westerveld,Drenthe,282.81,52.838194,6.295563,20003,72.0
GM1705,Lingewaard,Gelderland,69.23,51.901512,5.942198,47314,764.0
GM1706,Cranendonck,Noord-Brabant,78.13,51.286267,5.596278,20841,272.0
GM1708,Steenwijkerland,Overijssel,321.55,52.755523,6.030018,45472,158.0
GM1709,Moerdijk,Noord-Brabant,163.85,51.658883,4.541908,38091,239.0
GM1711,Echt-Susteren,Limburg,104.69,51.085028,5.908194,32041,311.0
GM1714,Sluis,Zeeland,283.06,51.328624,3.515271,23150,83.0
GM1719,Drimmelen,Noord-Brabant,119.37,51.700127,4.758734,28192,297.0
GM1721,Bernheze,Noord-Brabant,90.33,51.684655,5.520678,32527,363.0
GM1723,Alphen-Chaam,Noord-Brabant,93.63,51.501389,4.887305,10455,112.0
GM1724,Bergeijk,Noord-Brabant,101.83,51.31012,5.339961,19196,190.0
GM1728,Bladel,Noord-Brabant,75.62,51.372263,5.238767,20985,279.0
GM1729,Gulpen-Wittem,Limburg,73.38,50.80233,5.900122,14054,192.0
GM1730,Tynaarlo,Drenthe,147.86,53.097133,6.604439,34736,243.0
GM1731,Midden-Drenthe,Drenthe,345.94,52.867365,6.542787,34092,100.0
GM1734,Overbetuwe,Gelderland,115.06,51.924286,5.778282,48919,449.0
GM1735,Hof van Twente,Overijssel,215.36,52.236454,6.589963,35446,167.0
GM1740,Neder-Betuwe,Gelderland,67.5,51.915874,5.586848,25708,429.0
GM1742,Rijssen-Holten,Overijssel,94.41,52.291407,6.433964,38675,411.0
GM1771,Geldrop-Mierlo,Noord-Brabant,31.36,51.431248,5.587496,40733,1313.0
GM1773,Olst-Wijhe,Overijssel,118.36,52.366762,6.153409,18835,166.0
GM1774,Dinkelland,Overijssel,176.71,52.373015,6.914146,26739,152.0
GM1783,Westland,Zuid-Holland,83.0,51.997923,4.216551,115941,1436.0
GM1842,Midden-Delfland,Zuid-Holland,49.41,51.964724,4.306203,19377,411.0
GM1859,Berkelland,Gelderland,260.24,52.100926,6.570714,43933,170.0
GM1876,Bronckhorst,Gelderland,286.54,52.045239,6.302954,36119,127.0
GM1883,Sittard-Geleen,Limburg,80.57,51.004853,5.828201,92650,1179.0
GM1884,Kaag en Braassem,Zuid-Holland,72.26,52.192591,4.629219,29168,462.0
GM1891,Dantumadiel,Fryslân,87.42,53.280057,5.984591,19135,226.0
GM1892,Zuidplas,Zuid-Holland,64.07,51.998885,4.607068,47843,825.0
GM1894,Peel en Maas,Limburg,161.36,51.336305,5.994849,45534,286.0
GM1895,Oldambt,Groningen,240.48,53.195007,7.05567,39405,174.0
GM1896,Zwartewaterland,Overijssel,87.17,52.602391,6.064271,23448,285.0
GM1900,Súdwest-Fryslân,Fryslân,575.24,53.024782,5.548774,90421,173.0
GM1901,Bodegraven-Reeuwijk,Zuid-Holland,88.51,52.06545,4.766035,36569,485.0
GM1903,Eijsden-Margraten,Limburg,78.78,50.801066,5.773767,26034,336.0
GM1904,Stichtse Vecht,Utrecht,106.69,52.17691,5.012632,65878,686.0
GM1911,Hollands Kroon,Noord-Holland,374.03,52.829721,4.949309,49522,138.0
GM1916,Leidschendam-Voorburg,Zuid-Holland,35.64,52.090344,4.422315,78229,2399.0
GM1924,Goeree-Overflakkee,Zuid-Holland,267.28,51.747699,4.123558,51867,198.0
GM1926,Pijnacker-Nootdorp,Zuid-Holland,38.59,52.017621,4.421947,57932,1571.0
GM1930,Nissewaard,Zuid-Holland,80.46,51.833326,4.28503,87639,1195.0
GM1931,Krimpenerwaard,Zuid-Holland,161.37,51.952414,4.737248,57785,390.0
GM1940,De Fryske Marren,Fryslân,417.7,52.916459,5.723402,51929,148.0
GM1942,Gooise Meren,Noord-Holland,45.27,52.301566,5.134507,60370,1457.0
GM1945,Berg en Dal,Gelderland,93.3,51.819913,5.949848,35474,411.0
GM1948,Meierijstad,Noord-Brabant,185.56,51.592254,5.50642,84304,458.0
GM1949,Waadhoeke,Fryslân,289.4,53.224225,5.613077,46911,164.0
GM1950,Westerwolde,Groningen,280.82,53.014025,7.120168,26465,96.0
GM1952,Midden-Groningen,Groningen,295.67,53.195385,6.807413,61433,221.0
GM1954,Beekdaelen,Limburg,78.55,50.936763,5.89719,35896,458.0
GM1955,Montferland,Gelderland,106.6,51.916869,6.21383,36873,349.0
GM1959,Altena,Noord-Brabant,226.7,51.765647,4.945918,58277,292.0
GM1960,West Betuwe,Gelderland,229.11,51.861588,5.209354,52948,245.0
GM1961,Vijfheerenlanden,Utrecht,153.26,51.93597,5.0568,61669,422.0
GM1963,Hoeksche Waard,Zuid-Holland,282.03,51.770671,4.455651,90256,336.0
GM1966,Het Hogeland,Groningen,482.24,53.378774,6.531729,48224,101.0
GM1969,Westerkwartier,Groningen,368.91,53.218507,6.338056,64896,179.0
GM1970,Noardeast-Fryslân,Fryslân,383.55,53.332171,6.018577,45866,121.0
GM1978,Molenlanden,Zuid-Holland,191.63,51.88469,4.845248,45271,249.0
GM1979,Eemsdelta,Groningen,273.04,53.328265,6.840099,45106,168.0
GM1980,Dijk en Waard,Noord-Holland,67.03,52.682174,4.822348,90076,1455.0
GM1982,Land van Cuijk,Noord-Brabant,351.86,51.655467,5.859142,91722,269.0
GM1991,Maashorst,Noord-Brabant,138.27,51.6868,5.655487,59222,431.0
GM1992,Voorne aan Zee,Zuid-Holland,131.5,51.876351,4.13217,74304,610.0
